Tijdstempel,Wat is je ID?,Hoe laat ging je naar bed gisteren?,Ging je gisteren later naar bed dan gepland?,"Indien je gisteren later naar bed ging dan gepland, kun je hier een reden voor geven?",Hoe laat stond je op vandaag?,"Toen je gisteren naar bed ging, viel je in slaap…",Had je moeite om in slaap te vallen?,Hoe vaak werd je wakker afgelopen nacht? (bijv. om naar het toilet te gaan),Werd je spontaan veel eerder wakker dan nodig? (d.w.z. veel eerder dan je geplande wektijd),"Indien je ’s nachts of ’s ochtends vroeg wakker werd, was dit een probleem voor jou?","Ongeacht de duur ervan, hoe zou je de kwaliteit van je slaap omschrijven? ","In welke mate ben je gisteravond nog fysiek actief geweest de laatste twee uur voor je naar bed ging? (bijv. wandelen, sporten, klussen, huishouden) ","In welke mate ben je gisteravond nog mentaal actief geweest de laatste twee uur voordat je naar bed ging? (bijv. boek of mails lezen, werken, studeren)","Denkend aan de dag van gisteren, hoeveel sociale interacties heb je gisteren ongeveer gehad? (bijv. gesprek, telefoongesprek, chat)","Hoe lang ben je de laatste twee uur voordat je naar bed ging blootgesteld aan fel licht?  (bijv. van TV, computer, tablet, mobieltje, badkamer)",Probeer je voor de geest te halen hoe de laatste drie uur voor je bedtijd eruit zagen. Schrijf in steekwoorden op wat je in die periode hebt gedaan.,"Blijvend bij de periode van drie uur voor je bedtijd, heb je één of meerdere van de volgende verleidingen ervaren? [Roken]","Blijvend bij de periode van drie uur voor je bedtijd, heb je één of meerdere van de volgende verleidingen ervaren? [Eten uit verveling]","Blijvend bij de periode van drie uur voor je bedtijd, heb je één of meerdere van de volgende verleidingen ervaren? [Uit verveling een praatje houden, bellen of chatten]","Blijvend bij de periode van drie uur voor je bedtijd, heb je één of meerdere van de volgende verleidingen ervaren? [Koffie drinken]","Blijvend bij de periode van drie uur voor je bedtijd, heb je één of meerdere van de volgende verleidingen ervaren? [Rondhangen op social media]","Blijvend bij de periode van drie uur voor je bedtijd, heb je één of meerdere van de volgende verleidingen ervaren? [Doelloos surfen op het internet]","Blijvend bij de periode van drie uur voor je bedtijd, heb je één of meerdere van de volgende verleidingen ervaren? [TV kijken uit verveling (bijv. zappen)]","Blijvend bij de periode van drie uur voor je bedtijd, heb je één of meerdere van de volgende verleidingen ervaren? [Drinken van alcoholische drank]","Blijvend bij de periode van drie uur voor je bedtijd, heb je één of meerdere van de volgende verleidingen ervaren? [Drinken van niet-alcoholische drank (bijv. frisdrank)]","Blijvend bij de periode van drie uur voor je bedtijd, heb je één of meerdere van de volgende verleidingen ervaren? [Schoonmaken of opruimen uit verveling]","Blijvend bij de periode van drie uur voor je bedtijd, heb je één of meerdere van de volgende verleidingen ervaren? [Dingen kopen die je niet strict nodig hebt]","Blijvend bij de periode van drie uur voor je bedtijd, heb je één of meerdere van de volgende verleidingen ervaren? [Andere dingen doen die op dat moment niet nuttig of belangrijk waren]",Hoe laat ben je van plan naar bed te gaan vanavond?
2017/03/30 12:28:22 a.m. GMT+5:45,EM11,21:30,Nee,,6:20,binnen een kwartier,Nee,1 keer,Nee,Helemaal niet,Erg goed,Licht actief,Nauwelijks actief,9-Jun,Minder dan een kwartier,"Eten, opruimen, badkamer, massage",Geen verleiding ervaren,Geen verleiding ervaren,Geen verleiding ervaren,Geen verleiding ervaren,Geen verleiding ervaren,Geen verleiding ervaren,Geen verleiding ervaren,Toegegeven aan verleiding,Geen verleiding ervaren,Geen verleiding ervaren,Geen verleiding ervaren,Geen verleiding ervaren,21:30
2017/03/31 12:06:13 a.m. GMT+5:45,EM11,22:15,Ja,,6:30,binnen een kwartier,Nee,2-3 keer,Nee,Helemaal niet,Matig,Licht actief,Licht actief,5-Mar,Minder dan een half uur,"Eten, computer, bad, seks",Geen verleiding ervaren,Geen verleiding ervaren,Geen verleiding ervaren,Geen verleiding ervaren,Geen verleiding ervaren,Geen verleiding ervaren,Geen verleiding ervaren,Geen verleiding ervaren,Geen verleiding ervaren,Geen verleiding ervaren,Geen verleiding ervaren,Geen verleiding ervaren,21:30
2017/03/31 1:43:21 a.m. GMT+5:45,FT12,22:00,Nee,,7:30,binnen een kwartier,Nee,1 keer,Ja,Een beetje,Matig,Zeer actief,Nauwelijks actief,9-Jun,Minder dan een kwartier,"bad, massage, sex",Geen verleiding ervaren,Geen verleiding ervaren,Geen verleiding ervaren,Geen verleiding ervaren,Geen verleiding ervaren,Geen verleiding ervaren,Geen verleiding ervaren,Geen verleiding ervaren,Geen verleiding ervaren,Geen verleiding ervaren,Geen verleiding ervaren,Geen verleiding ervaren,23:00
2017/03/31 10:59:51 p.m. GMT+5:45,EM11,21:40,Nee,,7:00,binnen een kwartier,Nee,2-3 keer,Nee,Een beetje,Goed,Nauwelijks actief,Nauwelijks actief,10 of meer,Minder dan een uur,"Eten, huishouden, film",Geen verleiding ervaren,Geen verleiding ervaren,Geen verleiding ervaren,Geen verleiding ervaren,Geen verleiding ervaren,Geen verleiding ervaren,Geen verleiding ervaren,Geen verleiding ervaren,Geen verleiding ervaren,Geen verleiding ervaren,Geen verleiding ervaren,Geen verleiding ervaren,21:00
2017/04/01 2:33:09 a.m. GMT+5:45,gh93,3:00,Ja,,14:30,binnen een uur,Ja,2-3 keer,Nee,Helemaal niet,Goed,Nauwelijks actief,Zeer actief,10 of meer,Meer dan een uur,lezen; muziek studiotechniek;,Toegegeven aan verleiding,Geen verleiding ervaren,Geen verleiding ervaren,Geen verleiding ervaren,Geen verleiding ervaren,Geen verleiding ervaren,Geen verleiding ervaren,Geen verleiding ervaren,Toegegeven aan verleiding,Geen verleiding ervaren,Geen verleiding ervaren,Geen verleiding ervaren,5:00
2017/04/01 1:17:23 p.m. GMT+5:45,EM11,21:15,Nee,,5:50,binnen een kwartier,Nee,1 keer,Nee,Helemaal niet,Erg goed,Nauwelijks actief,Licht actief,10 of meer,Minder dan een kwartier,"Koken, opruimen, lezen",Geen verleiding ervaren,Geen verleiding ervaren,Geen verleiding ervaren,Geen verleiding ervaren,Geen verleiding ervaren,Geen verleiding ervaren,Geen verleiding ervaren,Geen verleiding ervaren,Geen verleiding ervaren,Geen verleiding ervaren,Geen verleiding ervaren,Toegegeven aan verleiding,22:00
2017/04/02 5:13:39 a.m. GMT+5:45,gh93,1:15,Nee,,12:25,binnen een half uur,Nee,4-5 keer,Nee,Helemaal niet,Goed,Zeer actief,Nauwelijks actief,9-Jun,Minder dan een half uur,muziek;seks,Toegegeven aan verleiding,Verleiding ervaren en besloten om er niet aan toe te geven,Geen verleiding ervaren,Geen verleiding ervaren,Geen verleiding ervaren,Geen verleiding ervaren,Geen verleiding ervaren,Geen verleiding ervaren,Toegegeven aan verleiding,Geen verleiding ervaren,Geen verleiding ervaren,Geen verleiding ervaren,3:30
2017/04/02 1:42:26 p.m. GMT+5:45,AB64,2:00,Ja,We zijn vanuit het noorden van het land teruggereden naar huis na een theatervoorstelling,9:30,binnen een kwartier,Nee,0 keer,Nee,Helemaal niet,Goed,Licht actief,Licht actief,9-Jun,Minder dan een half uur,"Theaterbezoek, autorit (bijrijder)",Geen verleiding ervaren,Geen verleiding ervaren,Toegegeven aan verleiding,Geen verleiding ervaren,Toegegeven aan verleiding,Toegegeven aan verleiding,Geen verleiding ervaren,Geen verleiding ervaren,Geen verleiding ervaren,Geen verleiding ervaren,Geen verleiding ervaren,Geen verleiding ervaren,23:00
2017/04/02 9:07:12 p.m. GMT+5:45,FT12,22:15,Nee,,7:30,binnen een half uur,Nee,1 keer,Ja,Enigszins,Matig,Nauwelijks actief,Nauwelijks actief,9-Jun,Meer dan een uur,"eten, film kijken, ebook lezen",Geen verleiding ervaren,Geen verleiding ervaren,Geen verleiding ervaren,Geen verleiding ervaren,Geen verleiding ervaren,Geen verleiding ervaren,Geen verleiding ervaren,Geen verleiding ervaren,Geen verleiding ervaren,Geen verleiding ervaren,Geen verleiding ervaren,Geen verleiding ervaren,22:00
2017/04/02 9:25:51 p.m. GMT+5:45,EM11,22:00,Nee,,6:45,binnen een kwartier,Nee,1 keer,Nee,Helemaal niet,Erg goed,Nauwelijks actief,Nauwelijks actief,5-Mar,Meer dan een uur,"Lezen, eten, opruimen, film kijken",Geen verleiding ervaren,Geen verleiding ervaren,Geen verleiding ervaren,Geen verleiding ervaren,Geen verleiding ervaren,Geen verleiding ervaren,Geen verleiding ervaren,Geen verleiding ervaren,Geen verleiding ervaren,Geen verleiding ervaren,Geen verleiding ervaren,Geen verleiding ervaren,21:30
2017/04/03 1:36:36 a.m. GMT+5:45,gh93,2:30,Nee,,12:15,na meer dan een uur,Ja,1 keer,Nee,Helemaal niet,Matig,Nauwelijks actief,Vrij actief,5-Mar,Minder dan een half uur,muziek;lezen;seks,Toegegeven aan verleiding,Geen verleiding ervaren,Geen verleiding ervaren,Geen verleiding ervaren,Geen verleiding ervaren,Geen verleiding ervaren,Geen verleiding ervaren,Geen verleiding ervaren,Toegegeven aan verleiding,Geen verleiding ervaren,Geen verleiding ervaren,Geen verleiding ervaren,2:00
2017/04/03 10:58:30 a.m. GMT+5:45,EM11,23:15,Ja,Avond met vrienden liep uit,6:10,binnen een kwartier,Nee,1 keer,Ja,Helemaal niet,Goed,Licht actief,Vrij actief,9-Jun,Meer dan een uur,"Praten met vrienden, fietsen, eten, opruimen, vrijen",Geen verleiding ervaren,Geen verleiding ervaren,Geen verleiding ervaren,Geen verleiding ervaren,Geen verleiding ervaren,Geen verleiding ervaren,Geen verleiding ervaren,Geen verleiding ervaren,Geen verleiding ervaren,Geen verleiding ervaren,Geen verleiding ervaren,Geen verleiding ervaren,21:00
2017/04/03 11:25:53 a.m. GMT+5:45,FT12,22:15,Nee,,7:15,binnen een uur,Nee,1 keer,Nee,Helemaal niet,Erg goed,Vrij actief,Vrij actief,5-Mar,Minder dan een kwartier,"eten, fietsen, bezoek",Geen verleiding ervaren,Geen verleiding ervaren,Geen verleiding ervaren,Geen verleiding ervaren,Geen verleiding ervaren,Geen verleiding ervaren,Geen verleiding ervaren,Toegegeven aan verleiding,Geen verleiding ervaren,Geen verleiding ervaren,Geen verleiding ervaren,Geen verleiding ervaren,23:00
2017/04/04 12:49:02 a.m. GMT+5:45,AB65,23:50,Ja,In slaap gevallen voor tv,7:00,binnen een kwartier,Nee,2-3 keer,Ja,Helemaal niet,Goed,Nauwelijks actief,Licht actief,9-Jun,Meer dan een uur,"Tv kijken, praten met de kinderen",Geen verleiding ervaren,Geen verleiding ervaren,Geen verleiding ervaren,Geen verleiding ervaren,Toegegeven aan verleiding,Toegegeven aan verleiding,Geen verleiding ervaren,Toegegeven aan verleiding,Geen verleiding ervaren,Geen verleiding ervaren,Verleiding ervaren en besloten om er niet aan toe te geven,Geen verleiding ervaren,23:00
2017/04/04 4:27:19 a.m. GMT+5:45,gh93,5:00,Nee,,13:00,binnen een kwartier,Nee,1 keer,Nee,Helemaal niet,Goed,Vrij actief,Licht actief,9-Jun,Minder dan een kwartier,film;seks,Toegegeven aan verleiding,Geen verleiding ervaren,Geen verleiding ervaren,Geen verleiding ervaren,Geen verleiding ervaren,Geen verleiding ervaren,Geen verleiding ervaren,Geen verleiding ervaren,Toegegeven aan verleiding,Geen verleiding ervaren,Geen verleiding ervaren,Geen verleiding ervaren,3:00
2017/04/04 10:45:48 a.m. GMT+5:45,EM11,21:15,Nee,,6:15,binnen een kwartier,Nee,2-3 keer,Ja,Enigszins,Matig,Licht actief,Licht actief,9-Jun,Minder dan een kwartier,"Koken, eten, wandelen, lezen",Geen verleiding ervaren,Geen verleiding ervaren,Geen verleiding ervaren,Geen verleiding ervaren,Geen verleiding ervaren,Geen verleiding ervaren,Geen verleiding ervaren,Geen verleiding ervaren,Geen verleiding ervaren,Geen verleiding ervaren,Geen verleiding ervaren,Geen verleiding ervaren,21:00
2017/04/04 3:04:12 p.m. GMT+5:45,FT12,0:00,Ja,TV,9:15,binnen een kwartier,Nee,2-3 keer,Ja,Een beetje,Goed,Licht actief,Vrij actief,9-Jun,Meer dan een uur,"studie, TV",Geen verleiding ervaren,Geen verleiding ervaren,Geen verleiding ervaren,Geen verleiding ervaren,Geen verleiding ervaren,Geen verleiding ervaren,Geen verleiding ervaren,Toegegeven aan verleiding,Geen verleiding ervaren,Geen verleiding ervaren,Geen verleiding ervaren,Geen verleiding ervaren,23:00
2017/04/05 3:04:56 a.m. GMT+5:45,gh93,4:30,Nee,,11:00,binnen een uur,Ja,2-3 keer,Ja,Helemaal niet,Matig,Vrij actief,Nauwelijks actief,5-Mar,Minder dan een kwartier,muziek;seks,Toegegeven aan verleiding,Geen verleiding ervaren,Geen verleiding ervaren,Geen verleiding ervaren,Geen verleiding ervaren,Geen verleiding ervaren,Geen verleiding ervaren,Geen verleiding ervaren,Toegegeven aan verleiding,Geen verleiding ervaren,Geen verleiding ervaren,Geen verleiding ervaren,3:00
2017/04/05 3:10:39 a.m. GMT+5:45,AB64,23:45,Ja,,7:00,binnen een kwartier,Nee,6 keer of meer,Nee,Helemaal niet,Goed,Licht actief,Licht actief,9-Jun,Meer dan een uur,Tv kijken,Geen verleiding ervaren,Geen verleiding ervaren,Geen verleiding ervaren,Geen verleiding ervaren,Toegegeven aan verleiding,Toegegeven aan verleiding,Geen verleiding ervaren,Toegegeven aan verleiding,Geen verleiding ervaren,Geen verleiding ervaren,Geen verleiding ervaren,Geen verleiding ervaren,23:30
2017/04/05 11:03:49 a.m. GMT+5:45,EM11,22:00,Nee,,6:30,binnen een kwartier,Nee,0 keer,Ja,Een beetje,Goed,Nauwelijks actief,Nauwelijks actief,10 of meer,Minder dan een kwartier,"Zakelijke gesprekken, eten, sociaal",Geen verleiding ervaren,Geen verleiding ervaren,Geen verleiding ervaren,Geen verleiding ervaren,Geen verleiding ervaren,Geen verleiding ervaren,Geen verleiding ervaren,Geen verleiding ervaren,Geen verleiding ervaren,Geen verleiding ervaren,Geen verleiding ervaren,Geen verleiding ervaren,21:30
2017/04/05 11:16:35 a.m. GMT+5:45,FT12,0:00,Ja,TV,7:00,binnen een kwartier,Nee,0 keer,Nee,Helemaal niet,Goed,Nauwelijks actief,Vrij actief,9-Jun,Meer dan een uur,"Studie, TV",Geen verleiding ervaren,Geen verleiding ervaren,Geen verleiding ervaren,Geen verleiding ervaren,Geen verleiding ervaren,Geen verleiding ervaren,Geen verleiding ervaren,Geen verleiding ervaren,Geen verleiding ervaren,Geen verleiding ervaren,Geen verleiding ervaren,Geen verleiding ervaren,23:00
2017/04/05 11:27:47 a.m. GMT+5:45,AB64,23:55,Ja,Man kwam thuis en daar wilde ik nog even mee praten,7:00,binnen een kwartier,Nee,2-3 keer,Nee,Helemaal niet,Matig,Nauwelijks actief,Nauwelijks actief,10 of meer,Meer dan een uur,"Poging om Netflix te kijken maar was te moe, praten met huisgenoten, ",Geen verleiding ervaren,Geen verleiding ervaren,Geen verleiding ervaren,Geen verleiding ervaren,Geen verleiding ervaren,Geen verleiding ervaren,Geen verleiding ervaren,Toegegeven aan verleiding,Geen verleiding ervaren,Geen verleiding ervaren,Geen verleiding ervaren,Geen verleiding ervaren,23:00
2017/04/05 1:22:29 p.m. GMT+5:45,PM61,23:30,Nee,,7:15,binnen een uur,Nee,1 keer,Nee,Een beetje,Matig,Licht actief,Nauwelijks actief,5-Mar,Minder dan een uur,"Metroreis, wandelen, televisie, gesprekken",Geen verleiding ervaren,Geen verleiding ervaren,Geen verleiding ervaren,Geen verleiding ervaren,Toegegeven aan verleiding,Geen verleiding ervaren,Geen verleiding ervaren,Geen verleiding ervaren,Toegegeven aan verleiding,Geen verleiding ervaren,Geen verleiding ervaren,Geen verleiding ervaren,23:00
2017/04/06 3:56:02 a.m. GMT+5:45,gh93,3:30,Nee,,12:15,na meer dan een uur,Ja,1 keer,Nee,Helemaal niet,Slecht,Licht actief,Licht actief,10 of meer,Minder dan een half uur,muziek;lezen,Toegegeven aan verleiding,Geen verleiding ervaren,Geen verleiding ervaren,Geen verleiding ervaren,Geen verleiding ervaren,Geen verleiding ervaren,Geen verleiding ervaren,Geen verleiding ervaren,Toegegeven aan verleiding,Geen verleiding ervaren,Geen verleiding ervaren,Geen verleiding ervaren,3:00
2017/04/06 10:50:45 a.m. GMT+5:45,EM11,22:15,Ja,,6:10,binnen een kwartier,Nee,1 keer,Ja,Een beetje,Goed,Licht actief,Licht actief,5-Mar,Minder dan een half uur,"Koken, opruimen, lezen, praten, vrijen",Geen verleiding ervaren,Geen verleiding ervaren,Geen verleiding ervaren,Geen verleiding ervaren,Geen verleiding ervaren,Geen verleiding ervaren,Geen verleiding ervaren,Geen verleiding ervaren,Geen verleiding ervaren,Geen verleiding ervaren,Geen verleiding ervaren,Geen verleiding ervaren,21:30
2017/04/06 12:11:21 p.m. GMT+5:45,AB64,0:30,Ja,Tot laat doorgewerkt.,7:00,binnen een kwartier,Nee,2-3 keer,Nee,Helemaal niet,Goed,Nauwelijks actief,Zeer actief,5-Mar,Meer dan een uur,"Gewerkt, achter de pc",Geen verleiding ervaren,Geen verleiding ervaren,Geen verleiding ervaren,Geen verleiding ervaren,Geen verleiding ervaren,Geen verleiding ervaren,Verleiding ervaren en besloten om er niet aan toe te geven,Verleiding ervaren en besloten om er niet aan toe te geven,Geen verleiding ervaren,Geen verleiding ervaren,Geen verleiding ervaren,Geen verleiding ervaren,23:30
2017/04/06 1:41:16 p.m. GMT+5:45,MJ87,23:30,Ja,,8:00,binnen een half uur,Nee,0 keer,Nee,Helemaal niet,Goed,Nauwelijks actief,Licht actief,10 of meer,Minder dan een uur,"kletsen, smartphone",Geen verleiding ervaren,Geen verleiding ervaren,Geen verleiding ervaren,Geen verleiding ervaren,Toegegeven aan verleiding,Geen verleiding ervaren,Geen verleiding ervaren,Geen verleiding ervaren,Geen verleiding ervaren,Geen verleiding ervaren,Geen verleiding ervaren,Geen verleiding ervaren,23:30
2017/04/06 7:18:28 p.m. GMT+5:45,PM61,23:30,Ja,Ik was later thuis dan ik had gehoopt,7:30,na meer dan een uur,Ja,0 keer,Nee,Ja,Matig,Nauwelijks actief,Vrij actief,9-Jun,Minder dan een uur,"Bezoek bij schoonouders, autorijden, betalingen afhandelen, douchen",Geen verleiding ervaren,Geen verleiding ervaren,Geen verleiding ervaren,Geen verleiding ervaren,Geen verleiding ervaren,Geen verleiding ervaren,Geen verleiding ervaren,Toegegeven aan verleiding,Toegegeven aan verleiding,Geen verleiding ervaren,Geen verleiding ervaren,Geen verleiding ervaren,23:00
2017/04/07 4:15:33 a.m. GMT+5:45,GW98,3:00,Ja,Gamen,10:00,binnen een uur,Ja,0 keer,Nee,Een beetje,Goed,Nauwelijks actief,Licht actief,10 of meer,Meer dan een uur,Gamen,Geen verleiding ervaren,Geen verleiding ervaren,Geen verleiding ervaren,Geen verleiding ervaren,Geen verleiding ervaren,Geen verleiding ervaren,Geen verleiding ervaren,Geen verleiding ervaren,Geen verleiding ervaren,Geen verleiding ervaren,Geen verleiding ervaren,Geen verleiding ervaren,2:00
2017/04/07 4:15:34 a.m. GMT+5:45,GW98,3:00,Ja,Gamen,10:00,binnen een uur,Ja,0 keer,Nee,Een beetje,Goed,Nauwelijks actief,Licht actief,10 of meer,Meer dan een uur,Gamen,Geen verleiding ervaren,Geen verleiding ervaren,Geen verleiding ervaren,Geen verleiding ervaren,Geen verleiding ervaren,Geen verleiding ervaren,Geen verleiding ervaren,Geen verleiding ervaren,Geen verleiding ervaren,Geen verleiding ervaren,Geen verleiding ervaren,Geen verleiding ervaren,2:00
2017/04/07 5:05:54 a.m. GMT+5:45,gh93,3:30,Nee,,11:45,binnen een uur,Ja,2-3 keer,Nee,Helemaal niet,Matig,Vrij actief,Licht actief,10 of meer,Minder dan een half uur,muziek;seks;lezen,Toegegeven aan verleiding,Geen verleiding ervaren,Geen verleiding ervaren,Geen verleiding ervaren,Geen verleiding ervaren,Geen verleiding ervaren,Geen verleiding ervaren,Geen verleiding ervaren,Toegegeven aan verleiding,Geen verleiding ervaren,Geen verleiding ervaren,Geen verleiding ervaren,3:00
2017/04/07 11:10:50 a.m. GMT+5:45,AB640,0:00,Ja,"Geen specifieke reden, soms loopt het gewoon zo en dan is het later dan je dacht.",7:00,binnen een kwartier,Nee,2-3 keer,Nee,Helemaal niet,Goed,Nauwelijks actief,Zeer actief,10 of meer,Meer dan een uur,"Tv kijken, lezen, praten met huisgenoten",Geen verleiding ervaren,Toegegeven aan verleiding,Geen verleiding ervaren,Geen verleiding ervaren,Geen verleiding ervaren,Geen verleiding ervaren,Geen verleiding ervaren,Toegegeven aan verleiding,Geen verleiding ervaren,Geen verleiding ervaren,Geen verleiding ervaren,Geen verleiding ervaren,0:00
2017/04/07 5:35:06 p.m. GMT+5:45,EM11,22:00,Ja,Bad,6:30,binnen een kwartier,Ja,0 keer,Nee,Helemaal niet,Erg goed,Licht actief,Nauwelijks actief,9-Jun,Minder dan een half uur,"Eten, opruimen, wandelen, tandarts, bad",Geen verleiding ervaren,Geen verleiding ervaren,Geen verleiding ervaren,Geen verleiding ervaren,Geen verleiding ervaren,Geen verleiding ervaren,Geen verleiding ervaren,Geen verleiding ervaren,Geen verleiding ervaren,Geen verleiding ervaren,Geen verleiding ervaren,Geen verleiding ervaren,21:30
2017/04/07 7:32:02 p.m. GMT+5:45,MJ87,23:45,Ja,Nog even willen appen met iemand,8:15,binnen een half uur,Ja,0 keer,Nee,Helemaal niet,Goed,Nauwelijks actief,Licht actief,5-Mar,Meer dan een uur,"gamen, tv, lezen, appen",Geen verleiding ervaren,Geen verleiding ervaren,Geen verleiding ervaren,Geen verleiding ervaren,Toegegeven aan verleiding,Geen verleiding ervaren,Toegegeven aan verleiding,Geen verleiding ervaren,Toegegeven aan verleiding,Geen verleiding ervaren,Geen verleiding ervaren,Geen verleiding ervaren,1:00
2017/04/08 1:38:22 a.m. GMT+5:45,F12,23:15,Nee,,7:30,binnen een half uur,Nee,0 keer,Nee,Helemaal niet,Goed,Nauwelijks actief,Nauwelijks actief,9-Jun,Minder dan een uur,"wandelen, bad, TV",Geen verleiding ervaren,Geen verleiding ervaren,Geen verleiding ervaren,Geen verleiding ervaren,Geen verleiding ervaren,Geen verleiding ervaren,Geen verleiding ervaren,Geen verleiding ervaren,Geen verleiding ervaren,Geen verleiding ervaren,Geen verleiding ervaren,Geen verleiding ervaren,0:00
2017/04/08 4:48:41 a.m. GMT+5:45,Gh93,4:00,Nee,,13:00,binnen een half uur,Nee,1 keer,Nee,Helemaal niet,Goed,Vrij actief,Licht actief,10 of meer,Minder dan een uur,Lezen;film;muziek;seks,Toegegeven aan verleiding,Geen verleiding ervaren,Geen verleiding ervaren,Geen verleiding ervaren,Geen verleiding ervaren,Geen verleiding ervaren,Geen verleiding ervaren,Geen verleiding ervaren,Toegegeven aan verleiding,Geen verleiding ervaren,Geen verleiding ervaren,Geen verleiding ervaren,1:00
2017/04/08 5:36:50 a.m. GMT+5:45,PM61,23:46,Ja,Ik was een game aan het uitspelen,7:30,na meer dan een uur,Ja,2-3 keer,Nee,Ja,Slecht,Nauwelijks actief,Vrij actief,5-Mar,Meer dan een uur,"Gamen, conversatie via telefoon-app",Toegegeven aan verleiding,Geen verleiding ervaren,Geen verleiding ervaren,Geen verleiding ervaren,Geen verleiding ervaren,Geen verleiding ervaren,Geen verleiding ervaren,Toegegeven aan verleiding,Toegegeven aan verleiding,Geen verleiding ervaren,Geen verleiding ervaren,Geen verleiding ervaren,0:00
2017/04/08 7:05:10 a.m. GMT+5:45,GW98,4:00,Ja,Tijd voor mezelf ,13:00,binnen een kwartier,Nee,0 keer,Nee,Helemaal niet,Goed,Nauwelijks actief,Licht actief,10 of meer,Meer dan een uur,Gamen,Geen verleiding ervaren,Geen verleiding ervaren,Geen verleiding ervaren,Geen verleiding ervaren,Geen verleiding ervaren,Geen verleiding ervaren,Geen verleiding ervaren,Geen verleiding ervaren,Geen verleiding ervaren,Geen verleiding ervaren,Geen verleiding ervaren,Geen verleiding ervaren,3:00
2017/04/08 2:53:22 p.m. GMT+5:45,EM11,21:30,Nee,,6:10,binnen een kwartier,Nee,0 keer,Nee,Helemaal niet,Erg goed,Nauwelijks actief,Licht actief,5-Mar,Minder dan een kwartier,"Sociaal, winkelen, eten, huishouden, lezen",Geen verleiding ervaren,Geen verleiding ervaren,Geen verleiding ervaren,Geen verleiding ervaren,Geen verleiding ervaren,Geen verleiding ervaren,Geen verleiding ervaren,Geen verleiding ervaren,Geen verleiding ervaren,Geen verleiding ervaren,Geen verleiding ervaren,Geen verleiding ervaren,23:00
2017/04/08 4:10:19 p.m. GMT+5:45,FT12,0:15,Ja,TV,8:30,binnen een half uur,Ja,1 keer,Ja,Een beetje,Matig,Nauwelijks actief,Vrij actief,9-Jun,Minder dan een uur,"Studie, TV",Geen verleiding ervaren,Toegegeven aan verleiding,Geen verleiding ervaren,Geen verleiding ervaren,Geen verleiding ervaren,Geen verleiding ervaren,Toegegeven aan verleiding,Toegegeven aan verleiding,Geen verleiding ervaren,Geen verleiding ervaren,Geen verleiding ervaren,Geen verleiding ervaren,0:00
2017/04/08 10:18:28 p.m. GMT+5:45,MJ87,0:45,Nee,,9:15,binnen een kwartier,Nee,1 keer,Nee,Een beetje,Goed,Licht actief,Nauwelijks actief,9-Jun,Minder dan een uur,"cafe, bus",Geen verleiding ervaren,Verleiding ervaren en besloten om er niet aan toe te geven,Geen verleiding ervaren,Geen verleiding ervaren,Toegegeven aan verleiding,Geen verleiding ervaren,Geen verleiding ervaren,Verleiding ervaren en besloten om er niet aan toe te geven,Toegegeven aan verleiding,Geen verleiding ervaren,Geen verleiding ervaren,Geen verleiding ervaren,1:00
2017/04/09 6:25:54 a.m. GMT+5:45,gh93,1:00,Nee,,8:00,binnen een half uur,Nee,2-3 keer,Nee,Helemaal niet,Goed,Vrij actief,Licht actief,10 of meer,Minder dan een half uur,Kinderen;lezen;huishouden,Toegegeven aan verleiding,Geen verleiding ervaren,Geen verleiding ervaren,Geen verleiding ervaren,Geen verleiding ervaren,Geen verleiding ervaren,Geen verleiding ervaren,Geen verleiding ervaren,Toegegeven aan verleiding,Geen verleiding ervaren,Geen verleiding ervaren,Geen verleiding ervaren,3:00
2017/04/09 10:46:03 a.m. GMT+5:45,GW98,2:45,Nee,,12:00,binnen een half uur,Nee,0 keer,Nee,Helemaal niet,Goed,Vrij actief,Vrij actief,10 of meer,Minder dan een half uur,"Feestje, opruimen",Geen verleiding ervaren,Geen verleiding ervaren,Geen verleiding ervaren,Geen verleiding ervaren,Geen verleiding ervaren,Geen verleiding ervaren,Geen verleiding ervaren,Toegegeven aan verleiding,Geen verleiding ervaren,Geen verleiding ervaren,Geen verleiding ervaren,Geen verleiding ervaren,5:00
2017/04/09 11:44:14 a.m. GMT+5:45,EM11,1:00,Ja,Soul party,7:00,binnen een kwartier,Nee,1 keer,Ja,Ja,Matig,Vrij actief,Nauwelijks actief,5-Mar,Meer dan een uur,"Dansen, drinken, fietsen",Geen verleiding ervaren,Geen verleiding ervaren,Geen verleiding ervaren,Geen verleiding ervaren,Geen verleiding ervaren,Geen verleiding ervaren,Geen verleiding ervaren,Toegegeven aan verleiding,Geen verleiding ervaren,Geen verleiding ervaren,Geen verleiding ervaren,Geen verleiding ervaren,21:00
2017/04/09 3:43:03 p.m. GMT+5:45,FT12,1:30,Ja,feest,8:00,binnen een kwartier,Nee,1 keer,Nee,Helemaal niet,Goed,Vrij actief,Licht actief,9-Jun,Meer dan een uur,"dansen, fietsen",Geen verleiding ervaren,Geen verleiding ervaren,Geen verleiding ervaren,Geen verleiding ervaren,Geen verleiding ervaren,Geen verleiding ervaren,Geen verleiding ervaren,Toegegeven aan verleiding,Geen verleiding ervaren,Geen verleiding ervaren,Geen verleiding ervaren,Geen verleiding ervaren,23:00
2017/04/09 4:55:28 p.m. GMT+5:45,AB64,0:00,Nee,nvt,9:00,binnen een kwartier,Nee,2-3 keer,Nee,Een beetje,Goed,Nauwelijks actief,Licht actief,9-Jun,Meer dan een uur,"tv gekeken, ipad",Geen verleiding ervaren,Geen verleiding ervaren,Geen verleiding ervaren,Geen verleiding ervaren,Toegegeven aan verleiding,Geen verleiding ervaren,Geen verleiding ervaren,Geen verleiding ervaren,Geen verleiding ervaren,Geen verleiding ervaren,Geen verleiding ervaren,Geen verleiding ervaren,23:00
2017/04/09 5:05:19 p.m. GMT+5:45,MJ87,0:15,Nee,,9:45,binnen een half uur,Nee,1 keer,Ja,Enigszins,Goed,Nauwelijks actief,Vrij actief,5-Mar,Meer dan een uur,Gamen,Geen verleiding ervaren,Verleiding ervaren en besloten om er niet aan toe te geven,Geen verleiding ervaren,Geen verleiding ervaren,Geen verleiding ervaren,Geen verleiding ervaren,Geen verleiding ervaren,Verleiding ervaren en besloten om er niet aan toe te geven,Toegegeven aan verleiding,Geen verleiding ervaren,Geen verleiding ervaren,Geen verleiding ervaren,23:30
2017/04/09 5:07:06 p.m. GMT+5:45,PM-61 v2,0:15,Nee,,9:30,binnen een kwartier,Nee,1 keer,Nee,Een beetje,Goed,Nauwelijks actief,Licht actief,2-Jan,Meer dan een uur,Gamen,Geen verleiding ervaren,Geen verleiding ervaren,Geen verleiding ervaren,Geen verleiding ervaren,Geen verleiding ervaren,Geen verleiding ervaren,Geen verleiding ervaren,Geen verleiding ervaren,Toegegeven aan verleiding,Geen verleiding ervaren,Geen verleiding ervaren,Geen verleiding ervaren,23:30
2017/04/09 11:26:11 p.m. GMT+5:45,HA61,10:45,Nee,,8:15,binnen een kwartier,Nee,2-3 keer,Ja,Een beetje,Matig,Nauwelijks actief,Nauwelijks actief,10 of meer,Meer dan een uur,"Auto rijden, Hond uitlaten, tv kijken",Geen verleiding ervaren,Geen verleiding ervaren,Geen verleiding ervaren,Toegegeven aan verleiding,Geen verleiding ervaren,Geen verleiding ervaren,Toegegeven aan verleiding,Geen verleiding ervaren,Geen verleiding ervaren,Geen verleiding ervaren,Geen verleiding ervaren,Toegegeven aan verleiding,21:45
2017/04/10 5:04:25 a.m. GMT+5:45,GW98,7:00,Ja,Game tijd na een hele dag werken,14:00,binnen een kwartier,Nee,1 keer,Nee,Helemaal niet,Goed,Nauwelijks actief,Licht actief,10 of meer,Meer dan een uur,Gamen,Geen verleiding ervaren,Geen verleiding ervaren,Geen verleiding ervaren,Geen verleiding ervaren,Geen verleiding ervaren,Geen verleiding ervaren,Geen verleiding ervaren,Geen verleiding ervaren,Geen verleiding ervaren,Geen verleiding ervaren,Geen verleiding ervaren,Toegegeven aan verleiding,0:00
2017/04/10 5:26:33 a.m. GMT+5:45,gh93,4:30,Nee,,11:00,binnen een half uur,Nee,1 keer,Nee,Helemaal niet,Goed,Vrij actief,Vrij actief,10 of meer,Minder dan een kwartier,muziek;lezen;seks,Toegegeven aan verleiding,Geen verleiding ervaren,Geen verleiding ervaren,Geen verleiding ervaren,Geen verleiding ervaren,Geen verleiding ervaren,Geen verleiding ervaren,Geen verleiding ervaren,Toegegeven aan verleiding,Geen verleiding ervaren,Geen verleiding ervaren,Geen verleiding ervaren,3:00
2017/04/10 12:31:16 p.m. GMT+5:45,PM-61 v2,23:45,Ja,Het was maar een kwarter; maar ik was aan het gamen,7:45,binnen een half uur,Nee,0 keer,Nee,Enigszins,Goed,Vrij actief,Vrij actief,5-Mar,Meer dan een uur,Gamen,Geen verleiding ervaren,Geen verleiding ervaren,Geen verleiding ervaren,Geen verleiding ervaren,Geen verleiding ervaren,Geen verleiding ervaren,Geen verleiding ervaren,Toegegeven aan verleiding,Toegegeven aan verleiding,Geen verleiding ervaren,Geen verleiding ervaren,Geen verleiding ervaren,23:30
2017/04/10 12:32:49 p.m. GMT+5:45,FT12,23:15,Nee,,8:30,binnen een half uur,Ja,2-3 keer,Ja,Enigszins,Matig,Nauwelijks actief,Vrij actief,9-Jun,Meer dan een uur,"administratie, studie, TV",Geen verleiding ervaren,Geen verleiding ervaren,Geen verleiding ervaren,Geen verleiding ervaren,Geen verleiding ervaren,Geen verleiding ervaren,Geen verleiding ervaren,Toegegeven aan verleiding,Geen verleiding ervaren,Geen verleiding ervaren,Geen verleiding ervaren,Geen verleiding ervaren,23:00
2017/04/10 2:30:45 p.m. GMT+5:45,MJ87,1:00,Ja,het was nog gezellig,7:50,binnen een half uur,Nee,1 keer,Nee,Een beetje,Goed,Licht actief,Licht actief,5-Mar,Meer dan een uur,"gamen, bankhangen",Geen verleiding ervaren,Toegegeven aan verleiding,Geen verleiding ervaren,Geen verleiding ervaren,Geen verleiding ervaren,Geen verleiding ervaren,Geen verleiding ervaren,Toegegeven aan verleiding,Geen verleiding ervaren,Geen verleiding ervaren,Geen verleiding ervaren,Geen verleiding ervaren,23:30
2017/04/10 5:04:46 p.m. GMT+5:45,EM11,21:15,Ja,Vakantie planning,6:20,binnen een half uur,Ja,2-3 keer,Ja,Ja,Slecht,Licht actief,Vrij actief,9-Jun,Minder dan een half uur,"Wandelen, eten, huishouden, computer",Geen verleiding ervaren,Geen verleiding ervaren,Geen verleiding ervaren,Geen verleiding ervaren,Geen verleiding ervaren,Geen verleiding ervaren,Geen verleiding ervaren,Geen verleiding ervaren,Geen verleiding ervaren,Geen verleiding ervaren,Geen verleiding ervaren,Geen verleiding ervaren,21:00
2017/04/10 8:49:43 p.m. GMT+5:45,AB64,1:00,Ja,"Nog even gezellig napraten, en in eens was het 1 uur.",7:00,binnen een kwartier,Nee,2-3 keer,Nee,Een beetje,Goed,Nauwelijks actief,Vrij actief,9-Jun,Meer dan een uur,"Ipad, tv-serie kijken, gezellig kletsen",Geen verleiding ervaren,Geen verleiding ervaren,Geen verleiding ervaren,Geen verleiding ervaren,Toegegeven aan verleiding,Toegegeven aan verleiding,Geen verleiding ervaren,Geen verleiding ervaren,Geen verleiding ervaren,Geen verleiding ervaren,Geen verleiding ervaren,Geen verleiding ervaren,23:00
2017/04/11 12:38:33 a.m. GMT+5:45,HA61,21:50,Nee,,5:35,binnen een half uur,Nee,2-3 keer,Ja,Een beetje,Goed,Licht actief,Licht actief,9-Jun,Minder dan een uur,"Computer, hond uitlaten, tv kijken",Geen verleiding ervaren,Geen verleiding ervaren,Geen verleiding ervaren,Toegegeven aan verleiding,Geen verleiding ervaren,Geen verleiding ervaren,Toegegeven aan verleiding,Toegegeven aan verleiding,Geen verleiding ervaren,Geen verleiding ervaren,Geen verleiding ervaren,Geen verleiding ervaren,9:50
2017/04/11 6:43:29 a.m. GMT+5:45,GW98,1:15,Ja,Geen slaap,5:10,binnen een half uur,Ja,0 keer,Nee,Helemaal niet,Goed,Licht actief,Licht actief,10 of meer,Minder dan een uur,TV kijken ,Geen verleiding ervaren,Geen verleiding ervaren,Geen verleiding ervaren,Geen verleiding ervaren,Geen verleiding ervaren,Geen verleiding ervaren,Geen verleiding ervaren,Geen verleiding ervaren,Geen verleiding ervaren,Geen verleiding ervaren,Geen verleiding ervaren,Geen verleiding ervaren,2:00
2017/04/11 6:49:09 a.m. GMT+5:45,gh93,4:30,Nee,,13:00,binnen een uur,Ja,1 keer,Nee,Helemaal niet,Matig,Nauwelijks actief,Vrij actief,5-Mar,Minder dan een kwartier,lezen,Toegegeven aan verleiding,Geen verleiding ervaren,Geen verleiding ervaren,Geen verleiding ervaren,Geen verleiding ervaren,Geen verleiding ervaren,Geen verleiding ervaren,Geen verleiding ervaren,Toegegeven aan verleiding,Geen verleiding ervaren,Geen verleiding ervaren,Geen verleiding ervaren,4:00
2017/04/11 12:01:39 p.m. GMT+5:45,AB64,23:30,Nee,Nvt,7:00,binnen een kwartier,Nee,2-3 keer,Ja,Helemaal niet,Goed,Nauwelijks actief,Licht actief,9-Jun,Minder dan een uur,"Even rustig zitten samen, de dag doorpraten.",Geen verleiding ervaren,Geen verleiding ervaren,Geen verleiding ervaren,Geen verleiding ervaren,Geen verleiding ervaren,Toegegeven aan verleiding,Geen verleiding ervaren,Geen verleiding ervaren,Geen verleiding ervaren,Geen verleiding ervaren,Geen verleiding ervaren,Geen verleiding ervaren,23:00
2017/04/11 1:45:40 p.m. GMT+5:45,MJ47,23:45,Ja,Ik wilde nog een extra hoofdstuk lezen,8:20,binnen een kwartier,Nee,0 keer,Nee,Een beetje,Matig,Nauwelijks actief,Licht actief,9-Jun,Meer dan een uur,"tv kijken, lezen",Geen verleiding ervaren,Toegegeven aan verleiding,Geen verleiding ervaren,Geen verleiding ervaren,Toegegeven aan verleiding,Geen verleiding ervaren,Geen verleiding ervaren,Geen verleiding ervaren,Verleiding ervaren en besloten om er niet aan toe te geven,Geen verleiding ervaren,Geen verleiding ervaren,Geen verleiding ervaren,23:30
2017/04/11 1:50:28 p.m. GMT+5:45,PM-61 v2,23:30,Nee,,7:30,binnen een half uur,Nee,0 keer,Nee,Helemaal niet,Goed,Nauwelijks actief,Vrij actief,9-Jun,Meer dan een uur,"Gamen, Skype, ontspannings-video's kijken",Geen verleiding ervaren,Geen verleiding ervaren,Geen verleiding ervaren,Geen verleiding ervaren,Geen verleiding ervaren,Geen verleiding ervaren,Geen verleiding ervaren,Geen verleiding ervaren,Toegegeven aan verleiding,Geen verleiding ervaren,Geen verleiding ervaren,Geen verleiding ervaren,0:00
2017/04/11 3:41:03 p.m. GMT+5:45,EM11,21:15,Ja,Voorbereiding vakantie,6:00,binnen een kwartier,Nee,0 keer,Nee,Helemaal niet,Erg goed,Vrij actief,Licht actief,9-Jun,Minder dan een half uur,"Eten, huishouden, wandelen, computer, vakantie voorbereidingen",Geen verleiding ervaren,Geen verleiding ervaren,Geen verleiding ervaren,Geen verleiding ervaren,Geen verleiding ervaren,Geen verleiding ervaren,Geen verleiding ervaren,Geen verleiding ervaren,Geen verleiding ervaren,Geen verleiding ervaren,Geen verleiding ervaren,Geen verleiding ervaren,22:00
2017/04/12 1:29:13 a.m. GMT+5:45,HA61,21:55,Ja,TV programma,5:40,binnen een kwartier,Nee,2-3 keer,Ja,Een beetje,Matig,Licht actief,Licht actief,10 of meer,Meer dan een uur,"Eten, hond uitlaten, tv-kijken",Geen verleiding ervaren,Geen verleiding ervaren,Geen verleiding ervaren,Toegegeven aan verleiding,Geen verleiding ervaren,Geen verleiding ervaren,Geen verleiding ervaren,Toegegeven aan verleiding,Geen verleiding ervaren,Geen verleiding ervaren,Geen verleiding ervaren,Toegegeven aan verleiding,22:00
2017/04/12 2:45:22 a.m. GMT+5:45,FT12,0:00,Ja,TV,7:00,binnen een kwartier,Nee,0 keer,Nee,Helemaal niet,Goed,Nauwelijks actief,Nauwelijks actief,9-Jun,Meer dan een uur,"eten, TV, PC",Geen verleiding ervaren,Geen verleiding ervaren,Geen verleiding ervaren,Geen verleiding ervaren,Geen verleiding ervaren,Toegegeven aan verleiding,Geen verleiding ervaren,Toegegeven aan verleiding,Geen verleiding ervaren,Geen verleiding ervaren,Geen verleiding ervaren,Toegegeven aan verleiding,23:30
2017/04/12 8:07:56 a.m. GMT+5:45,Gh93,3:30,Nee,,13:00,binnen een uur,Ja,2-3 keer,Nee,Helemaal niet,Matig,Vrij actief,Licht actief,10 of meer,Minder dan een kwartier,Seks;muziek;lezen,Toegegeven aan verleiding,Geen verleiding ervaren,Geen verleiding ervaren,Geen verleiding ervaren,Geen verleiding ervaren,Geen verleiding ervaren,Geen verleiding ervaren,Geen verleiding ervaren,Toegegeven aan verleiding,Geen verleiding ervaren,Geen verleiding ervaren,Geen verleiding ervaren,4:30
2017/04/12 8:56:22 a.m. GMT+5:45,GW98,3:00,Ja,Vrije dag vandaag,13:00,binnen een kwartier,Nee,0 keer,Nee,Helemaal niet,Goed,Nauwelijks actief,Licht actief,10 of meer,Minder dan een uur,Bankhangen,Geen verleiding ervaren,Geen verleiding ervaren,Geen verleiding ervaren,Geen verleiding ervaren,Geen verleiding ervaren,Geen verleiding ervaren,Geen verleiding ervaren,Geen verleiding ervaren,Geen verleiding ervaren,Geen verleiding ervaren,Geen verleiding ervaren,Toegegeven aan verleiding,3:00
2017/04/12 2:54:48 p.m. GMT+5:45,EM11,23:00,Ja,,7:00,binnen een kwartier,Nee,0 keer,Nee,Helemaal niet,Erg goed,Licht actief,Nauwelijks actief,10 of meer,Minder dan een kwartier,"Wandelen, bad, seks",Geen verleiding ervaren,Geen verleiding ervaren,Geen verleiding ervaren,Geen verleiding ervaren,Geen verleiding ervaren,Geen verleiding ervaren,Geen verleiding ervaren,Geen verleiding ervaren,Geen verleiding ervaren,Geen verleiding ervaren,Geen verleiding ervaren,Geen verleiding ervaren,23:30
2017/04/12 3:24:48 p.m. GMT+5:45,FT12,0:00,Ja,mail,8:00,binnen een kwartier,Nee,0 keer,Nee,Helemaal niet,Goed,Licht actief,Licht actief,2-Jan,Minder dan een uur,"bad, sex, mail",Geen verleiding ervaren,Geen verleiding ervaren,Geen verleiding ervaren,Geen verleiding ervaren,Geen verleiding ervaren,Geen verleiding ervaren,Geen verleiding ervaren,Toegegeven aan verleiding,Geen verleiding ervaren,Geen verleiding ervaren,Geen verleiding ervaren,Geen verleiding ervaren,0:00
2017/04/12 5:37:48 p.m. GMT+5:45,wh18,23:00,Nee,,8:30,binnen een kwartier,Nee,1 keer,Nee,Helemaal niet,Erg goed,Nauwelijks actief,Licht actief,10 of meer,Minder dan een kwartier,tv gekeken,Geen verleiding ervaren,Geen verleiding ervaren,Geen verleiding ervaren,Geen verleiding ervaren,Geen verleiding ervaren,Geen verleiding ervaren,Geen verleiding ervaren,Verleiding ervaren en besloten om er niet aan toe te geven,Geen verleiding ervaren,Geen verleiding ervaren,Geen verleiding ervaren,Geen verleiding ervaren,23:30
2017/04/12 7:22:49 p.m. GMT+5:45,MJ87,0:20,Ja,Was nog aan het overleggen over een online bestelling die wat langer duurde dan verwacht,8:00,binnen een uur,Ja,1 keer,Ja,Een beetje,Matig,Nauwelijks actief,Licht actief,5-Mar,Meer dan een uur,"tv kijken, telefoon gebruikt",Geen verleiding ervaren,Geen verleiding ervaren,Geen verleiding ervaren,Geen verleiding ervaren,Toegegeven aan verleiding,Geen verleiding ervaren,Geen verleiding ervaren,Geen verleiding ervaren,Geen verleiding ervaren,Geen verleiding ervaren,Toegegeven aan verleiding,Geen verleiding ervaren,23:30
2017/04/13 1:46:19 a.m. GMT+5:45,HA61,21:50,Nee,,5:40,binnen een half uur,Ja,4-5 keer,Ja,Ja,Slecht,Zeer actief,Licht actief,9-Jun,Minder dan een half uur,"Ete,, skeeleren, tv kijken",Geen verleiding ervaren,Geen verleiding ervaren,Geen verleiding ervaren,Toegegeven aan verleiding,Geen verleiding ervaren,Toegegeven aan verleiding,Toegegeven aan verleiding,Toegegeven aan verleiding,Geen verleiding ervaren,Geen verleiding ervaren,Geen verleiding ervaren,Toegegeven aan verleiding,21:50
2017/04/13 2:26:26 a.m. GMT+5:45,PM-61 v2,0:30,Ja,Mijn serie (The OA) was interessanter dan ik van te voren had zien aankomen,7:45,binnen een kwartier,Nee,0 keer,Ja,Ja,Matig,Nauwelijks actief,Licht actief,5-Mar,Meer dan een uur,Serie kijken,Geen verleiding ervaren,Geen verleiding ervaren,Geen verleiding ervaren,Geen verleiding ervaren,Toegegeven aan verleiding,Geen verleiding ervaren,Geen verleiding ervaren,Geen verleiding ervaren,Toegegeven aan verleiding,Geen verleiding ervaren,Geen verleiding ervaren,Geen verleiding ervaren,23:30
2017/04/13 8:15:24 a.m. GMT+5:45,gh93,5:00,Nee,,14:30,binnen een uur,Ja,4-5 keer,Nee,Helemaal niet,Slecht,Nauwelijks actief,Vrij actief,10 of meer,Minder dan een half uur,muziek;lezen,Toegegeven aan verleiding,Geen verleiding ervaren,Geen verleiding ervaren,Geen verleiding ervaren,Geen verleiding ervaren,Geen verleiding ervaren,Geen verleiding ervaren,Geen verleiding ervaren,Toegegeven aan verleiding,Geen verleiding ervaren,Geen verleiding ervaren,Geen verleiding ervaren,4:30
2017/04/13 8:29:45 a.m. GMT+5:45,GW98,5:30,Ja,Gamen in eigen tijd,12:40,binnen een kwartier,Nee,0 keer,Nee,Helemaal niet,Goed,Nauwelijks actief,Licht actief,9-Jun,Meer dan een uur,Gamen op de pc,Geen verleiding ervaren,Geen verleiding ervaren,Geen verleiding ervaren,Geen verleiding ervaren,Geen verleiding ervaren,Geen verleiding ervaren,Geen verleiding ervaren,Geen verleiding ervaren,Geen verleiding ervaren,Geen verleiding ervaren,Geen verleiding ervaren,Toegegeven aan verleiding,2:00
2017/04/13 11:56:53 a.m. GMT+5:45,AB64,23:30,Nee,Nvt,7:00,binnen een kwartier,Nee,1 keer,Nee,Helemaal niet,Goed,Nauwelijks actief,Licht actief,5-Mar,Minder dan een uur,"Televisie gekeken, boek gelezen, op de bank gezetten, was doen.",Geen verleiding ervaren,Geen verleiding ervaren,Geen verleiding ervaren,Geen verleiding ervaren,Toegegeven aan verleiding,Geen verleiding ervaren,Toegegeven aan verleiding,Geen verleiding ervaren,Geen verleiding ervaren,Geen verleiding ervaren,Geen verleiding ervaren,Geen verleiding ervaren,23:30
2017/04/13 12:20:07 p.m. GMT+5:45,wh18,0:30,Ja,interessant tv programma over de panda's,8:00,binnen een half uur,Ja,1 keer,Nee,Helemaal niet,Goed,Nauwelijks actief,Licht actief,9-Jun,Meer dan een uur,"tv kijken, bellen",Geen verleiding ervaren,Geen verleiding ervaren,Geen verleiding ervaren,Geen verleiding ervaren,Geen verleiding ervaren,Geen verleiding ervaren,Geen verleiding ervaren,Toegegeven aan verleiding,Geen verleiding ervaren,Geen verleiding ervaren,Geen verleiding ervaren,Geen verleiding ervaren,23:30
2017/04/13 1:42:40 p.m. GMT+5:45,MJ87,23:30,Nee,,8:40,binnen een half uur,Nee,1 keer,Nee,Een beetje,Goed,Nauwelijks actief,Licht actief,10 of meer,Minder dan een uur,"bank hangen, lezen",Geen verleiding ervaren,Geen verleiding ervaren,Geen verleiding ervaren,Geen verleiding ervaren,Toegegeven aan verleiding,Geen verleiding ervaren,Geen verleiding ervaren,Geen verleiding ervaren,Toegegeven aan verleiding,Geen verleiding ervaren,Geen verleiding ervaren,Geen verleiding ervaren,23:30
2017/04/13 5:18:01 p.m. GMT+5:45,PM-61 v2,0:15,Ja,Ik was aan het gamen met een vriend en dat liep uit,7:45,na meer dan een uur,Ja,2-3 keer,Nee,Enigszins,Slecht,Nauwelijks actief,Vrij actief,5-Mar,Meer dan een uur,"Gamen, ontspanningsvideo's kijken",Verleiding ervaren en besloten om er niet aan toe te geven,Verleiding ervaren en besloten om er niet aan toe te geven,Geen verleiding ervaren,Geen verleiding ervaren,Geen verleiding ervaren,Geen verleiding ervaren,Geen verleiding ervaren,Verleiding ervaren en besloten om er niet aan toe te geven,Toegegeven aan verleiding,Geen verleiding ervaren,Geen verleiding ervaren,Geen verleiding ervaren,23:30
2017/04/14 12:54:57 a.m. GMT+5:45,HA61,22:10,Ja,Iets meer tijd voor tandenpoetsen ed,7:15,binnen een kwartier,Nee,4-5 keer,Ja,Een beetje,Goed,Licht actief,Licht actief,10 of meer,Meer dan een uur,"Eten, hond uitlaten, tv kijken",Geen verleiding ervaren,Geen verleiding ervaren,Geen verleiding ervaren,Toegegeven aan verleiding,Geen verleiding ervaren,Geen verleiding ervaren,Toegegeven aan verleiding,Toegegeven aan verleiding,Geen verleiding ervaren,Geen verleiding ervaren,Geen verleiding ervaren,Geen verleiding ervaren,22:00
2017/04/14 1:02:41 a.m. GMT+5:45,he46,0:00,Ja,niet willen slapen,7:00,binnen een half uur,Nee,1 keer,Ja,Een beetje,Matig,Nauwelijks actief,Licht actief,10 of meer,Meer dan een uur,tv kijken en computeren,Geen verleiding ervaren,Geen verleiding ervaren,Geen verleiding ervaren,Geen verleiding ervaren,Geen verleiding ervaren,Toegegeven aan verleiding,Toegegeven aan verleiding,Geen verleiding ervaren,Geen verleiding ervaren,Geen verleiding ervaren,Geen verleiding ervaren,Geen verleiding ervaren,0:00
2017/04/14 5:55:27 a.m. GMT+5:45,gh93,4:30,Nee,,12:00,binnen een kwartier,Nee,1 keer,Nee,Helemaal niet,Erg goed,Nauwelijks actief,Licht actief,10 of meer,Minder dan een kwartier,lezen,Toegegeven aan verleiding,Geen verleiding ervaren,Geen verleiding ervaren,Geen verleiding ervaren,Geen verleiding ervaren,Geen verleiding ervaren,Geen verleiding ervaren,Geen verleiding ervaren,Toegegeven aan verleiding,Geen verleiding ervaren,Geen verleiding ervaren,Geen verleiding ervaren,3:00
2017/04/14 12:21:22 p.m. GMT+5:45,wh18,23:50,Nee,,8:20,binnen een kwartier,Nee,1 keer,Nee,Helemaal niet,Goed,Nauwelijks actief,Licht actief,9-Jun,Meer dan een uur,"tv kijken, bridgen op computer, bellen",Geen verleiding ervaren,Geen verleiding ervaren,Geen verleiding ervaren,Geen verleiding ervaren,Geen verleiding ervaren,Geen verleiding ervaren,Geen verleiding ervaren,Geen verleiding ervaren,Geen verleiding ervaren,Geen verleiding ervaren,Geen verleiding ervaren,Geen verleiding ervaren,23:45
2017/04/14 12:26:36 p.m. GMT+5:45,AB64,0:30,Ja,Geen bijzondere reden. ,8:00,binnen een kwartier,Nee,2-3 keer,Ja,Een beetje,Goed,Nauwelijks actief,Licht actief,9-Jun,Minder dan een uur,"Televisie kijken, lezen, ipad, gesprek voeren",Geen verleiding ervaren,Toegegeven aan verleiding,Geen verleiding ervaren,Geen verleiding ervaren,Geen verleiding ervaren,Geen verleiding ervaren,Geen verleiding ervaren,Toegegeven aan verleiding,Geen verleiding ervaren,Geen verleiding ervaren,Geen verleiding ervaren,Geen verleiding ervaren,0:00
2017/04/14 4:00:40 p.m. GMT+5:45,MJ87,0:00,Ja,Nog even lezen en praten,7:45,binnen een half uur,Ja,0 keer,Ja,Enigszins,Matig,Nauwelijks actief,Licht actief,5-Mar,Meer dan een uur,"Passion kijken, lezen, appen",Geen verleiding ervaren,Geen verleiding ervaren,Geen verleiding ervaren,Geen verleiding ervaren,Toegegeven aan verleiding,Geen verleiding ervaren,Geen verleiding ervaren,Geen verleiding ervaren,Toegegeven aan verleiding,Geen verleiding ervaren,Geen verleiding ervaren,Geen verleiding ervaren,1:00
2017/04/14 8:00:11 p.m. GMT+5:45,PM-61 v2,23:30,Nee,,7:50,binnen een half uur,Nee,0 keer,Nee,Enigszins,Goed,Nauwelijks actief,Licht actief,9-Jun,Meer dan een uur,"Gamen, ontspanningsvideo's kijken",Geen verleiding ervaren,Geen verleiding ervaren,Geen verleiding ervaren,Geen verleiding ervaren,Geen verleiding ervaren,Geen verleiding ervaren,Geen verleiding ervaren,Geen verleiding ervaren,Toegegeven aan verleiding,Geen verleiding ervaren,Geen verleiding ervaren,Geen verleiding ervaren,0:30
2017/04/15 12:57:35 a.m. GMT+5:45,HA61,21:50,Nee,,7:30,binnen een half uur,Nee,2-3 keer,Ja,Een beetje,Matig,Licht actief,Licht actief,9-Jun,Meer dan een uur,"Hond uitlaten, tv, lezen",Geen verleiding ervaren,Geen verleiding ervaren,Geen verleiding ervaren,Toegegeven aan verleiding,Verleiding ervaren en besloten om er niet aan toe te geven,Geen verleiding ervaren,Toegegeven aan verleiding,Toegegeven aan verleiding,Geen verleiding ervaren,Geen verleiding ervaren,Geen verleiding ervaren,Geen verleiding ervaren,22:00
2017/04/15 6:07:29 a.m. GMT+5:45,GW98,5:00,Nee,,14:00,binnen een kwartier,Nee,1 keer,Nee,Een beetje,Goed,Zeer actief,Zeer actief,10 of meer,Meer dan een uur,"Uitgaan, alcohol, muziek, fietsen ",Geen verleiding ervaren,Geen verleiding ervaren,Geen verleiding ervaren,Geen verleiding ervaren,Geen verleiding ervaren,Geen verleiding ervaren,Geen verleiding ervaren,Toegegeven aan verleiding,Geen verleiding ervaren,Geen verleiding ervaren,Geen verleiding ervaren,Geen verleiding ervaren,0:00
2017/04/15 12:45:33 p.m. GMT+5:45,wh18,23:30,Nee,ging niet later naar bed,8:15,binnen een kwartier,Nee,2-3 keer,Nee,Helemaal niet,Goed,Nauwelijks actief,Vrij actief,10 of meer,Meer dan een uur,"lang telefoongesprek vriendin, tv kijken",Geen verleiding ervaren,Geen verleiding ervaren,Geen verleiding ervaren,Geen verleiding ervaren,Geen verleiding ervaren,Geen verleiding ervaren,Geen verleiding ervaren,Geen verleiding ervaren,Geen verleiding ervaren,Geen verleiding ervaren,Geen verleiding ervaren,Geen verleiding ervaren,23:30
2017/04/15 8:33:23 p.m. GMT+5:45,PM-61,2:00,Ja,Er kwamen vrienden langs,11:00,binnen een uur,Nee,1 keer,Nee,Helemaal niet,Goed,Zeer actief,Licht actief,9-Jun,Minder dan een kwartier,Met vrienden op de bank zitten,Geen verleiding ervaren,Geen verleiding ervaren,Geen verleiding ervaren,Geen verleiding ervaren,Geen verleiding ervaren,Geen verleiding ervaren,Geen verleiding ervaren,Toegegeven aan verleiding,Toegegeven aan verleiding,Geen verleiding ervaren,Geen verleiding ervaren,Geen verleiding ervaren,1:00
2017/04/15 8:34:25 p.m. GMT+5:45,MJ87,2:00,Ja,er kwamen vrienden langs,11:00,binnen een kwartier,Nee,1 keer,Ja,Enigszins,Goed,Vrij actief,Licht actief,10 of meer,Minder dan een kwartier,"vrienden, drinken",Geen verleiding ervaren,Toegegeven aan verleiding,Geen verleiding ervaren,Geen verleiding ervaren,Geen verleiding ervaren,Geen verleiding ervaren,Geen verleiding ervaren,Toegegeven aan verleiding,Geen verleiding ervaren,Geen verleiding ervaren,Geen verleiding ervaren,Geen verleiding ervaren,1:00
2017/04/16 12:54:30 a.m. GMT+5:45,HA61,21:50,Nee,,8:30,binnen een kwartier,Nee,2-3 keer,Ja,Een beetje,Goed,Licht actief,Licht actief,5-Mar,Meer dan een uur,"Hond uitlaten, tv kijken, reis zoen internet",Geen verleiding ervaren,Geen verleiding ervaren,Geen verleiding ervaren,Toegegeven aan verleiding,Geen verleiding ervaren,Toegegeven aan verleiding,Toegegeven aan verleiding,Toegegeven aan verleiding,Geen verleiding ervaren,Geen verleiding ervaren,Geen verleiding ervaren,Toegegeven aan verleiding,22:00
2017/04/16 7:25:42 a.m. GMT+5:45,GW98,2:00,Ja,Laat thuis,5:15,binnen een uur,Ja,0 keer,Nee,Helemaal niet,Matig,Zeer actief,Vrij actief,10 of meer,Minder dan een uur,"Klussen, familie, ",Geen verleiding ervaren,Geen verleiding ervaren,Geen verleiding ervaren,Geen verleiding ervaren,Geen verleiding ervaren,Geen verleiding ervaren,Geen verleiding ervaren,Geen verleiding ervaren,Toegegeven aan verleiding,Geen verleiding ervaren,Geen verleiding ervaren,Geen verleiding ervaren,2:00
2017/04/16 1:54:44 p.m. GMT+5:45,wh18,23:45,Nee,niet later,9:30,binnen een uur,Ja,2-3 keer,Nee,Een beetje,Matig,Nauwelijks actief,Licht actief,9-Jun,Minder dan een kwartier,"vrienden te eten, gezellig",Geen verleiding ervaren,Geen verleiding ervaren,Geen verleiding ervaren,Geen verleiding ervaren,Geen verleiding ervaren,Geen verleiding ervaren,Geen verleiding ervaren,Toegegeven aan verleiding,Geen verleiding ervaren,Geen verleiding ervaren,Geen verleiding ervaren,Geen verleiding ervaren,23:30
2017/04/16 3:10:00 p.m. GMT+5:45,PM-61 v2,1:00,Nee,,21:30,na meer dan een uur,Nee,0 keer,Nee,Een beetje,Goed,Licht actief,Vrij actief,5-Mar,Minder dan een half uur,Gamen,Geen verleiding ervaren,Geen verleiding ervaren,Geen verleiding ervaren,Geen verleiding ervaren,Geen verleiding ervaren,Geen verleiding ervaren,Geen verleiding ervaren,Toegegeven aan verleiding,Toegegeven aan verleiding,Geen verleiding ervaren,Geen verleiding ervaren,Geen verleiding ervaren,1:00
2017/04/16 3:11:10 p.m. GMT+5:45,MJ87,1:00,Nee,,9:30,na meer dan een uur,Nee,0 keer,Nee,Een beetje,Goed,Licht actief,Licht actief,5-Mar,Meer dan een uur,Gamen,Geen verleiding ervaren,Toegegeven aan verleiding,Geen verleiding ervaren,Geen verleiding ervaren,Geen verleiding ervaren,Geen verleiding ervaren,Geen verleiding ervaren,Verleiding ervaren en besloten om er niet aan toe te geven,Verleiding ervaren en besloten om er niet aan toe te geven,Geen verleiding ervaren,Geen verleiding ervaren,Geen verleiding ervaren,1:00
2017/04/17 1:47:00 a.m. GMT+5:45,HA61,23:00,Ja,Tv programma,8:05,binnen een kwartier,Nee,1 keer,Nee,Helemaal niet,Goed,Licht actief,Licht actief,5-Mar,Minder dan een uur,"Hond, tv kijken",Geen verleiding ervaren,Geen verleiding ervaren,Geen verleiding ervaren,Toegegeven aan verleiding,Geen verleiding ervaren,Geen verleiding ervaren,Toegegeven aan verleiding,Geen verleiding ervaren,Geen verleiding ervaren,Geen verleiding ervaren,Geen verleiding ervaren,Toegegeven aan verleiding,22:30
2017/04/17 2:54:55 a.m. GMT+5:45,he46,23:00,Nee,,7:45,binnen een half uur,Nee,1 keer,Nee,Een beetje,Goed,Licht actief,Licht actief,5-Mar,Minder dan een kwartier,uit eten en radio luisteren,Geen verleiding ervaren,Geen verleiding ervaren,Geen verleiding ervaren,Geen verleiding ervaren,Geen verleiding ervaren,Geen verleiding ervaren,Geen verleiding ervaren,Toegegeven aan verleiding,Geen verleiding ervaren,Geen verleiding ervaren,Geen verleiding ervaren,Geen verleiding ervaren,23:30
2017/04/17 5:54:20 a.m. GMT+5:45,GW98,3:45,Nee,,13:30,binnen een kwartier,Nee,0 keer,Nee,Helemaal niet,Goed,Licht actief,Licht actief,10 of meer,Minder dan een uur,Feestje,Geen verleiding ervaren,Geen verleiding ervaren,Geen verleiding ervaren,Geen verleiding ervaren,Geen verleiding ervaren,Geen verleiding ervaren,Geen verleiding ervaren,Toegegeven aan verleiding,Geen verleiding ervaren,Geen verleiding ervaren,Geen verleiding ervaren,Geen verleiding ervaren,1:00
2017/04/17 12:50:26 p.m. GMT+5:45,wh18,23:45,Nee,ging niet later,8:45,binnen een kwartier,Nee,1 keer,Nee,Helemaal niet,Goed,Nauwelijks actief,Nauwelijks actief,9-Jun,Meer dan een uur,tv gekeken ,Geen verleiding ervaren,Geen verleiding ervaren,Geen verleiding ervaren,Geen verleiding ervaren,Geen verleiding ervaren,Geen verleiding ervaren,Geen verleiding ervaren,Toegegeven aan verleiding,Geen verleiding ervaren,Geen verleiding ervaren,Geen verleiding ervaren,Geen verleiding ervaren,23:30
2017/04/17 5:26:35 p.m. GMT+5:45,MJ87,23:45,Nee,,10:15,binnen een half uur,Nee,0 keer,Nee,Helemaal niet,Goed,Licht actief,Licht actief,9-Jun,Minder dan een half uur,"verjaardag ,terug rijden naar huis",Geen verleiding ervaren,Geen verleiding ervaren,Geen verleiding ervaren,Geen verleiding ervaren,Geen verleiding ervaren,Geen verleiding ervaren,Geen verleiding ervaren,Geen verleiding ervaren,Geen verleiding ervaren,Geen verleiding ervaren,Geen verleiding ervaren,Geen verleiding ervaren,0:30
2017/04/17 5:55:20 p.m. GMT+5:45,PM-61 v2,0:00,Nee,,10:00,binnen een half uur,Nee,0 keer,Nee,Helemaal niet,Goed,Nauwelijks actief,Nauwelijks actief,10 of meer,Minder dan een kwartier,"Eten, meerijden in auto, praten",Geen verleiding ervaren,Geen verleiding ervaren,Geen verleiding ervaren,Verleiding ervaren en besloten om er niet aan toe te geven,Geen verleiding ervaren,Geen verleiding ervaren,Geen verleiding ervaren,Geen verleiding ervaren,Toegegeven aan verleiding,Geen verleiding ervaren,Geen verleiding ervaren,Geen verleiding ervaren,23:30
2017/04/17 9:02:55 p.m. GMT+5:45,AB64,1:00,Ja,Ik ben naar een verjaardag geweest.,7:00,binnen een kwartier,Nee,1 keer,Ja,Helemaal niet,Goed,Nauwelijks actief,Vrij actief,5-Mar,Minder dan een kwartier,"Verjaardag: kletsen met allerlei mensen, 10 minuten buiten lopen, lezen",Geen verleiding ervaren,Geen verleiding ervaren,Geen verleiding ervaren,Geen verleiding ervaren,Geen verleiding ervaren,Geen verleiding ervaren,Geen verleiding ervaren,Verleiding ervaren en besloten om er niet aan toe te geven,Geen verleiding ervaren,Geen verleiding ervaren,Geen verleiding ervaren,Geen verleiding ervaren,23:00
2017/04/17 9:03:27 p.m. GMT+5:45,AB64,0:30,Ja,Geen bijzondere reden. ,8:00,binnen een kwartier,Nee,2-3 keer,Ja,Een beetje,Goed,Nauwelijks actief,Licht actief,9-Jun,Minder dan een uur,"Televisie kijken, lezen, ipad, gesprek voeren",Geen verleiding ervaren,Toegegeven aan verleiding,Geen verleiding ervaren,Geen verleiding ervaren,Geen verleiding ervaren,Geen verleiding ervaren,Geen verleiding ervaren,Toegegeven aan verleiding,Geen verleiding ervaren,Geen verleiding ervaren,Geen verleiding ervaren,Geen verleiding ervaren,0:00
2017/04/18 2:24:10 a.m. GMT+5:45,HA61,22:30,Nee,,8:15,binnen een half uur,Nee,1 keer,Ja,Een beetje,Goed,Licht actief,Nauwelijks actief,2-Jan,Meer dan een uur,"Hond, tv, internet",Geen verleiding ervaren,Geen verleiding ervaren,Geen verleiding ervaren,Toegegeven aan verleiding,Geen verleiding ervaren,Geen verleiding ervaren,Toegegeven aan verleiding,Geen verleiding ervaren,Geen verleiding ervaren,Geen verleiding ervaren,Geen verleiding ervaren,Toegegeven aan verleiding,22:45
2017/04/18 4:33:35 a.m. GMT+5:45,GW98,2:10,Ja,Paasfeestje,5:30,binnen een uur,Ja,0 keer,Nee,Een beetje,Goed,Vrij actief,Vrij actief,10 of meer,Minder dan een half uur,"Feestje, borrel, gezelligheid",Geen verleiding ervaren,Geen verleiding ervaren,Geen verleiding ervaren,Geen verleiding ervaren,Geen verleiding ervaren,Geen verleiding ervaren,Geen verleiding ervaren,Toegegeven aan verleiding,Geen verleiding ervaren,Geen verleiding ervaren,Geen verleiding ervaren,Geen verleiding ervaren,1:00
2017/04/18 11:16:53 a.m. GMT+5:45,AB64,22:30,Nee,N.v.t.,7:00,binnen een kwartier,Nee,1 keer,Nee,Helemaal niet,Goed,Nauwelijks actief,Nauwelijks actief,5-Mar,Meer dan een uur,"Serie kijken, lezen in bed",Geen verleiding ervaren,Geen verleiding ervaren,Geen verleiding ervaren,Geen verleiding ervaren,Geen verleiding ervaren,Geen verleiding ervaren,Geen verleiding ervaren,Geen verleiding ervaren,Geen verleiding ervaren,Geen verleiding ervaren,Geen verleiding ervaren,Geen verleiding ervaren,23:00
2017/04/18 1:28:26 p.m. GMT+5:45,PM-61 v2,23:30,Nee,,8:00,binnen een uur,Ja,1 keer,Nee,Enigszins,Matig,Nauwelijks actief,Vrij actief,9-Jun,Meer dan een uur,"Reizen met metro, reizen met bus, gamen, op YouTube rondhangen",Verleiding ervaren en besloten om er niet aan toe te geven,Verleiding ervaren en besloten om er niet aan toe te geven,Geen verleiding ervaren,Geen verleiding ervaren,Toegegeven aan verleiding,Geen verleiding ervaren,Geen verleiding ervaren,Verleiding ervaren en besloten om er niet aan toe te geven,Toegegeven aan verleiding,Geen verleiding ervaren,Geen verleiding ervaren,Geen verleiding ervaren,23:30
2017/04/18 1:35:50 p.m. GMT+5:45,he46,0:00,Ja,tv kijken,7:00,binnen een half uur,Nee,1 keer,Nee,Een beetje,Goed,Nauwelijks actief,Vrij actief,9-Jun,Meer dan een uur,tv kijken en studeren,Geen verleiding ervaren,Toegegeven aan verleiding,Geen verleiding ervaren,Geen verleiding ervaren,Toegegeven aan verleiding,Toegegeven aan verleiding,Toegegeven aan verleiding,Toegegeven aan verleiding,Geen verleiding ervaren,Geen verleiding ervaren,Geen verleiding ervaren,Geen verleiding ervaren,23:00
2017/04/18 1:52:17 p.m. GMT+5:45,wh18,23:30,Nee,niet later naar bed gegaan,8:15,binnen een half uur,Nee,1 keer,Nee,Helemaal niet,Goed,Nauwelijks actief,Licht actief,5-Mar,Minder dan een half uur,tv gekeken,Geen verleiding ervaren,Geen verleiding ervaren,Geen verleiding ervaren,Geen verleiding ervaren,Geen verleiding ervaren,Geen verleiding ervaren,Geen verleiding ervaren,Toegegeven aan verleiding,Geen verleiding ervaren,Geen verleiding ervaren,Geen verleiding ervaren,Geen verleiding ervaren,23:45
2017/04/18 2:41:51 p.m. GMT+5:45,MJ87,0:45,Ja,Ik was iets later thuis dan verwacht,8:30,binnen een kwartier,Nee,0 keer,Nee,Een beetje,Goed,Nauwelijks actief,Licht actief,10 of meer,Meer dan een uur,"borrel met vrienden, terugrit met metro naar huis",Geen verleiding ervaren,Geen verleiding ervaren,Geen verleiding ervaren,Geen verleiding ervaren,Toegegeven aan verleiding,Geen verleiding ervaren,Geen verleiding ervaren,Toegegeven aan verleiding,Geen verleiding ervaren,Geen verleiding ervaren,Geen verleiding ervaren,Geen verleiding ervaren,23:30
2017/04/19 2:33:45 a.m. GMT+5:45,HA61,22:30,Nee,,8:30,binnen een half uur,Nee,1 keer,Nee,Helemaal niet,Goed,Licht actief,Nauwelijks actief,5-Mar,Meer dan een uur,"Hoe, tv, internet",Geen verleiding ervaren,Geen verleiding ervaren,Geen verleiding ervaren,Toegegeven aan verleiding,Geen verleiding ervaren,Geen verleiding ervaren,Toegegeven aan verleiding,Geen verleiding ervaren,Geen verleiding ervaren,Geen verleiding ervaren,Geen verleiding ervaren,Geen verleiding ervaren,22:45
2017/04/19 9:31:18 a.m. GMT+5:45,GW98,1:00,Nee,,13:00,binnen een half uur,Nee,0 keer,Nee,Helemaal niet,Goed,Nauwelijks actief,Licht actief,10 of meer,Minder dan een uur,TV kijken,Geen verleiding ervaren,Geen verleiding ervaren,Geen verleiding ervaren,Geen verleiding ervaren,Geen verleiding ervaren,Geen verleiding ervaren,Toegegeven aan verleiding,Geen verleiding ervaren,Geen verleiding ervaren,Geen verleiding ervaren,Geen verleiding ervaren,Geen verleiding ervaren,3:00
2017/04/19 1:30:03 p.m. GMT+5:45,wh18,0:45,Ja,drukke avond met bridgen,9:15,binnen een uur,Ja,1 keer,Nee,Helemaal niet,Goed,Licht actief,Vrij actief,9-Jun,Minder dan een half uur,"bridge, computer, lezen",Geen verleiding ervaren,Geen verleiding ervaren,Geen verleiding ervaren,Geen verleiding ervaren,Geen verleiding ervaren,Geen verleiding ervaren,Geen verleiding ervaren,Toegegeven aan verleiding,Geen verleiding ervaren,Geen verleiding ervaren,Geen verleiding ervaren,Geen verleiding ervaren,23:30
2017/04/19 1:35:20 p.m. GMT+5:45,HE46,23:30,Ja,voetbal kijken,6:30,binnen een half uur,Ja,1 keer,Nee,Een beetje,Matig,Nauwelijks actief,Vrij actief,10 of meer,Meer dan een uur,"studeren, tv kijken, computeren",Geen verleiding ervaren,Geen verleiding ervaren,Geen verleiding ervaren,Geen verleiding ervaren,Geen verleiding ervaren,Toegegeven aan verleiding,Geen verleiding ervaren,Geen verleiding ervaren,Geen verleiding ervaren,Geen verleiding ervaren,Geen verleiding ervaren,Verleiding ervaren en besloten om er niet aan toe te geven,23:00
2017/04/19 1:36:38 p.m. GMT+5:45,MJ87,23:45,Ja,nog even lezen en door sociale media scrollen,8:30,binnen een kwartier,Nee,0 keer,Nee,Helemaal niet,Goed,Licht actief,Licht actief,5-Mar,Minder dan een half uur,"sporten, douchen, tv kijken, lezen",Geen verleiding ervaren,Geen verleiding ervaren,Geen verleiding ervaren,Geen verleiding ervaren,Toegegeven aan verleiding,Geen verleiding ervaren,Toegegeven aan verleiding,Geen verleiding ervaren,Toegegeven aan verleiding,Geen verleiding ervaren,Geen verleiding ervaren,Geen verleiding ervaren,23:30
2017/04/20 1:17:14 a.m. GMT+5:45,HA61,22:45,Nee,,7:20,binnen een uur,Ja,1 keer,Ja,Helemaal niet,Goed,Zeer actief,Licht actief,9-Jun,Minder dan een half uur,"Auto, skeeleren, auto, internet",Geen verleiding ervaren,Geen verleiding ervaren,Geen verleiding ervaren,Toegegeven aan verleiding,Toegegeven aan verleiding,Geen verleiding ervaren,Geen verleiding ervaren,Geen verleiding ervaren,Geen verleiding ervaren,Geen verleiding ervaren,Geen verleiding ervaren,Toegegeven aan verleiding,22:15
2017/04/20 3:47:32 a.m. GMT+5:45,PM-61 v2,23:50,Ja,Gamen liep uit,8:05,binnen een half uur,Nee,0 keer,Nee,Ja,Slecht,Nauwelijks actief,Licht actief,5-Mar,Meer dan een uur,"Naar huis fietsen, gamen",Verleiding ervaren en besloten om er niet aan toe te geven,Geen verleiding ervaren,Geen verleiding ervaren,Geen verleiding ervaren,Geen verleiding ervaren,Geen verleiding ervaren,Geen verleiding ervaren,Toegegeven aan verleiding,Toegegeven aan verleiding,Geen verleiding ervaren,Geen verleiding ervaren,Geen verleiding ervaren,23:30
2017/04/20 8:45:25 a.m. GMT+5:45,GW98,5:45,Ja,"Gamen, studeren uitstellen",13:30,binnen een kwartier,Nee,0 keer,Nee,Helemaal niet,Goed,Nauwelijks actief,Licht actief,5-Mar,Meer dan een uur,"Gamen, tv kijken",Geen verleiding ervaren,Verleiding ervaren en besloten om er niet aan toe te geven,Geen verleiding ervaren,Geen verleiding ervaren,Geen verleiding ervaren,Toegegeven aan verleiding,Toegegeven aan verleiding,Geen verleiding ervaren,Geen verleiding ervaren,Geen verleiding ervaren,Geen verleiding ervaren,Verleiding ervaren en besloten om er niet aan toe te geven,1:00
2017/04/20 12:08:12 p.m. GMT+5:45,he46,23:15,Nee,,6:30,binnen een uur,Ja,1 keer,Nee,Een beetje,Matig,Nauwelijks actief,Vrij actief,10 of meer,Meer dan een uur,voetbal kijken en computeren,Geen verleiding ervaren,Geen verleiding ervaren,Geen verleiding ervaren,Geen verleiding ervaren,Geen verleiding ervaren,Toegegeven aan verleiding,Geen verleiding ervaren,Geen verleiding ervaren,Geen verleiding ervaren,Geen verleiding ervaren,Geen verleiding ervaren,Geen verleiding ervaren,23:30
2017/04/20 12:58:42 p.m. GMT+5:45,wh18,0:15,Ja,gezellig,8:00,binnen een kwartier,Nee,1 keer,Nee,Helemaal niet,Goed,Nauwelijks actief,Licht actief,9-Jun,Meer dan een uur,"even langs geweest bij moeder, daarna tv gekeken",Geen verleiding ervaren,Geen verleiding ervaren,Geen verleiding ervaren,Geen verleiding ervaren,Geen verleiding ervaren,Geen verleiding ervaren,Geen verleiding ervaren,Toegegeven aan verleiding,Geen verleiding ervaren,Geen verleiding ervaren,Geen verleiding ervaren,Geen verleiding ervaren,23:45
2017/04/20 2:38:56 p.m. GMT+5:45,MJ87,0:00,Ja,nog even lezen,8:15,binnen een kwartier,Nee,1 keer,Nee,Een beetje,Goed,Licht actief,Licht actief,10 of meer,Minder dan een uur,"bank hangen, lezen in bed",Geen verleiding ervaren,Geen verleiding ervaren,Geen verleiding ervaren,Geen verleiding ervaren,Toegegeven aan verleiding,Geen verleiding ervaren,Geen verleiding ervaren,Geen verleiding ervaren,Toegegeven aan verleiding,Geen verleiding ervaren,Geen verleiding ervaren,Geen verleiding ervaren,23:30
2017/04/21 4:13:12 a.m. GMT+5:45,HA61,22:30,Nee,Nvt,8:15,binnen een uur,Ja,1 keer,Nee,Helemaal niet,Goed,Licht actief,Licht actief,5-Mar,Minder dan een uur,"Hond uitlaten, tv, internet",Geen verleiding ervaren,Geen verleiding ervaren,Geen verleiding ervaren,Toegegeven aan verleiding,Geen verleiding ervaren,Geen verleiding ervaren,Toegegeven aan verleiding,Geen verleiding ervaren,Geen verleiding ervaren,Geen verleiding ervaren,Geen verleiding ervaren,Geen verleiding ervaren,11:00
2017/04/21 6:45:11 a.m. GMT+5:45,GW98,5:00,Ja,Studeren,8:45,binnen een kwartier,Nee,0 keer,Ja,Enigszins,Matig,Nauwelijks actief,Zeer actief,10 of meer,Meer dan een uur,"Studeren, PC",Geen verleiding ervaren,Geen verleiding ervaren,Geen verleiding ervaren,Geen verleiding ervaren,Geen verleiding ervaren,Verleiding ervaren en besloten om er niet aan toe te geven,Geen verleiding ervaren,Geen verleiding ervaren,Geen verleiding ervaren,Geen verleiding ervaren,Geen verleiding ervaren,Geen verleiding ervaren,3:00
2017/04/21 11:59:31 a.m. GMT+5:45,wh18,23:45,Nee,niet later,8:00,binnen een kwartier,Nee,1 keer,Nee,Helemaal niet,Goed,Nauwelijks actief,Licht actief,10 of meer,Minder dan een kwartier,tv gekeken,Geen verleiding ervaren,Geen verleiding ervaren,Geen verleiding ervaren,Geen verleiding ervaren,Geen verleiding ervaren,Geen verleiding ervaren,Geen verleiding ervaren,Toegegeven aan verleiding,Geen verleiding ervaren,Geen verleiding ervaren,Geen verleiding ervaren,Geen verleiding ervaren,23:45
2017/04/21 3:47:42 p.m. GMT+5:45,MJ87,23:45,Ja,ik was nog in gesprek op de app,8:30,binnen een kwartier,Nee,0 keer,Nee,Helemaal niet,Goed,Nauwelijks actief,Licht actief,9-Jun,Minder dan een half uur,"tv kijken, lezen, appen",Geen verleiding ervaren,Geen verleiding ervaren,Geen verleiding ervaren,Geen verleiding ervaren,Toegegeven aan verleiding,Geen verleiding ervaren,Geen verleiding ervaren,Geen verleiding ervaren,Geen verleiding ervaren,Geen verleiding ervaren,Geen verleiding ervaren,Geen verleiding ervaren,0:30
2017/04/22 3:48:31 a.m. GMT+5:45,he46,1:00,Ja,rusteloos,7:15,binnen een uur,Nee,0 keer,Nee,Enigszins,Matig,Zeer actief,Vrij actief,10 of meer,Meer dan een uur,tv kijken  en computeren,Geen verleiding ervaren,Geen verleiding ervaren,Geen verleiding ervaren,Geen verleiding ervaren,Geen verleiding ervaren,Toegegeven aan verleiding,Toegegeven aan verleiding,Geen verleiding ervaren,Geen verleiding ervaren,Geen verleiding ervaren,Geen verleiding ervaren,Geen verleiding ervaren,0:30
2017/04/22 4:40:27 a.m. GMT+5:45,PM-62 v2,0:15,Ja,Gamen en douchen liepen uit,7:40,binnen een half uur,Nee,1 keer,Nee,Een beetje,Goed,Licht actief,Licht actief,10 of meer,Meer dan een uur,"Gamen, douchen",Verleiding ervaren en besloten om er niet aan toe te geven,Geen verleiding ervaren,Geen verleiding ervaren,Geen verleiding ervaren,Toegegeven aan verleiding,Geen verleiding ervaren,Geen verleiding ervaren,Toegegeven aan verleiding,Toegegeven aan verleiding,Geen verleiding ervaren,Geen verleiding ervaren,Geen verleiding ervaren,1:00
2017/04/22 5:11:30 a.m. GMT+5:45,GW98,3:30,Ja,Studie,13:30,binnen een kwartier,Nee,0 keer,Nee,Helemaal niet,Goed,Nauwelijks actief,Vrij actief,9-Jun,Meer dan een uur,"voetbal, studeren",Geen verleiding ervaren,Geen verleiding ervaren,Geen verleiding ervaren,Geen verleiding ervaren,Geen verleiding ervaren,Toegegeven aan verleiding,Geen verleiding ervaren,Geen verleiding ervaren,Geen verleiding ervaren,Geen verleiding ervaren,Geen verleiding ervaren,Toegegeven aan verleiding,0:00
2017/04/22 12:33:56 p.m. GMT+5:45,wh18,23:30,Nee,niet later naar bed,8:30,binnen een kwartier,Nee,2-3 keer,Nee,Enigszins,Matig,Licht actief,Licht actief,10 of meer,Minder dan een half uur,"verjaardag feestje, daarna tv gekeken",Geen verleiding ervaren,Geen verleiding ervaren,Geen verleiding ervaren,Geen verleiding ervaren,Geen verleiding ervaren,Geen verleiding ervaren,Geen verleiding ervaren,Toegegeven aan verleiding,Toegegeven aan verleiding,Geen verleiding ervaren,Geen verleiding ervaren,Geen verleiding ervaren,23:30
2017/04/22 7:02:19 p.m. GMT+5:45,PM-61 v2,1:30,Ja,Het was gezellig op het terras,13:00,binnen een half uur,Nee,2-3 keer,Nee,Helemaal niet,Erg goed,Licht actief,Nauwelijks actief,10 of meer,Minder dan een kwartier,"Op terras zitten, fietsen, treinreizen, fietsen",Verleiding ervaren en besloten om er niet aan toe te geven,Verleiding ervaren en besloten om er niet aan toe te geven,Geen verleiding ervaren,Geen verleiding ervaren,Geen verleiding ervaren,Geen verleiding ervaren,Geen verleiding ervaren,Toegegeven aan verleiding,Toegegeven aan verleiding,Geen verleiding ervaren,Geen verleiding ervaren,Geen verleiding ervaren,1:00
2017/04/23 12:08:18 a.m. GMT+5:45,MJ87,1:30,Ja,Was langer gezellig dan verwacht ,11:00,binnen een half uur,Nee,0 keer,Nee,Helemaal niet,Goed,Licht actief,Vrij actief,9-Jun,Minder dan een kwartier,"Serie kijken met vriendin, naar huis rijden",Geen verleiding ervaren,Toegegeven aan verleiding,Geen verleiding ervaren,Geen verleiding ervaren,Geen verleiding ervaren,Geen verleiding ervaren,Geen verleiding ervaren,Geen verleiding ervaren,Toegegeven aan verleiding,Geen verleiding ervaren,Geen verleiding ervaren,Geen verleiding ervaren,1:00
2017/04/23 2:26:51 a.m. GMT+5:45,HA61,0:15,Ja,Afspraak met buurvrouw,8:15,binnen een uur,Ja,2-3 keer,Ja,Een beetje,Slecht,Licht actief,Licht actief,10 of meer,Meer dan een uur,"Bijeenkomst IVN, afstemmen en kletsen bij buurvrouw",Geen verleiding ervaren,Geen verleiding ervaren,Geen verleiding ervaren,Toegegeven aan verleiding,Geen verleiding ervaren,Geen verleiding ervaren,Geen verleiding ervaren,Geen verleiding ervaren,Toegegeven aan verleiding,Geen verleiding ervaren,Geen verleiding ervaren,Geen verleiding ervaren,23:00
2017/04/23 2:30:02 a.m. GMT+5:45,HA61,0:30,Ja,Uitgelopen jubileum collega,8:15,binnen een half uur,Nee,2-3 keer,Ja,Ja,Slecht,Zeer actief,Vrij actief,10 of meer,Minder dan een kwartier,"Fietsen, feest, auto rijden",Geen verleiding ervaren,Geen verleiding ervaren,Geen verleiding ervaren,Geen verleiding ervaren,Geen verleiding ervaren,Geen verleiding ervaren,Geen verleiding ervaren,Toegegeven aan verleiding,Toegegeven aan verleiding,Geen verleiding ervaren,Geen verleiding ervaren,Geen verleiding ervaren,23:00
2017/04/23 6:04:46 a.m. GMT+5:45,GW98,2:00,Ja,Studie,5:15,binnen een uur,Ja,0 keer,Nee,Helemaal niet,Matig,Licht actief,Zeer actief,9-Jun,Meer dan een uur,"Studeren, pc",Geen verleiding ervaren,Geen verleiding ervaren,Geen verleiding ervaren,Geen verleiding ervaren,Geen verleiding ervaren,Toegegeven aan verleiding,Geen verleiding ervaren,Geen verleiding ervaren,Geen verleiding ervaren,Geen verleiding ervaren,Geen verleiding ervaren,Geen verleiding ervaren,0:00
2017/04/23 12:56:30 p.m. GMT+5:45,wh18,23:45,Nee,niet later,8:30,binnen een kwartier,Nee,1 keer,Nee,Helemaal niet,Goed,Nauwelijks actief,Licht actief,9-Jun,Minder dan een kwartier,tv gekeken,Geen verleiding ervaren,Geen verleiding ervaren,Geen verleiding ervaren,Geen verleiding ervaren,Geen verleiding ervaren,Geen verleiding ervaren,Geen verleiding ervaren,Toegegeven aan verleiding,Geen verleiding ervaren,Geen verleiding ervaren,Geen verleiding ervaren,Geen verleiding ervaren,23:45
2017/04/24 1:12:33 a.m. GMT+5:45,MJ87,1:00,Ja,zat nog langer te lezen,11:30,binnen een kwartier,Nee,1 keer,Nee,Een beetje,Goed,Nauwelijks actief,Licht actief,9-Jun,Minder dan een half uur,"cafe, naar huis met de bus, lezen",Geen verleiding ervaren,Verleiding ervaren en besloten om er niet aan toe te geven,Verleiding ervaren en besloten om er niet aan toe te geven,Geen verleiding ervaren,Toegegeven aan verleiding,Geen verleiding ervaren,Geen verleiding ervaren,Toegegeven aan verleiding,Geen verleiding ervaren,Geen verleiding ervaren,Geen verleiding ervaren,Geen verleiding ervaren,0:00
2017/04/24 1:12:41 a.m. GMT+5:45,PM-61 v2,1:00,Nee,,11:30,binnen een half uur,Nee,1 keer,Nee,Een beetje,Goed,Nauwelijks actief,Zeer actief,2-Jan,Meer dan een uur,Gamen,Geen verleiding ervaren,Geen verleiding ervaren,Geen verleiding ervaren,Geen verleiding ervaren,Geen verleiding ervaren,Geen verleiding ervaren,Geen verleiding ervaren,Toegegeven aan verleiding,Toegegeven aan verleiding,Geen verleiding ervaren,Geen verleiding ervaren,Geen verleiding ervaren,0:00
2017/04/24 6:54:28 a.m. GMT+5:45,GW98,2:30,Ja,Studie ,5:15,binnen een half uur,Nee,0 keer,Nee,Helemaal niet,Goed,Nauwelijks actief,Zeer actief,10 of meer,Meer dan een uur,Studeren,Geen verleiding ervaren,Geen verleiding ervaren,Geen verleiding ervaren,Geen verleiding ervaren,Geen verleiding ervaren,Verleiding ervaren en besloten om er niet aan toe te geven,Geen verleiding ervaren,Geen verleiding ervaren,Geen verleiding ervaren,Geen verleiding ervaren,Geen verleiding ervaren,Geen verleiding ervaren,2:00
2017/04/24 1:33:41 p.m. GMT+5:45,wh18,23:45,Nee,niet later,8:15,binnen een kwartier,Nee,1 keer,Nee,Helemaal niet,Goed,Nauwelijks actief,Vrij actief,9-Jun,Minder dan een uur,"kaarten met vrienden, gezellig",Geen verleiding ervaren,Geen verleiding ervaren,Geen verleiding ervaren,Geen verleiding ervaren,Geen verleiding ervaren,Geen verleiding ervaren,Geen verleiding ervaren,Toegegeven aan verleiding,Toegegeven aan verleiding,Geen verleiding ervaren,Geen verleiding ervaren,Geen verleiding ervaren,23:30
2017/04/24 1:47:58 p.m. GMT+5:45,MJ87,0:30,Ja,gamen liep uit en lag nog gezellig te kletsen,8:00,binnen een kwartier,Nee,0 keer,Ja,Een beetje,Goed,Nauwelijks actief,Vrij actief,2-Jan,Meer dan een uur,"gamen, kletsen",Geen verleiding ervaren,Toegegeven aan verleiding,Geen verleiding ervaren,Geen verleiding ervaren,Toegegeven aan verleiding,Geen verleiding ervaren,Geen verleiding ervaren,Toegegeven aan verleiding,Toegegeven aan verleiding,Geen verleiding ervaren,Geen verleiding ervaren,Geen verleiding ervaren,23:30
2017/04/24 4:34:48 p.m. GMT+5:45,PM-61,0:00,Nee,,7:50,binnen een half uur,Nee,1 keer,Nee,Enigszins,Matig,Licht actief,Licht actief,2-Jan,Meer dan een uur,"Afwassen, gamen",Geen verleiding ervaren,Geen verleiding ervaren,Geen verleiding ervaren,Geen verleiding ervaren,Geen verleiding ervaren,Geen verleiding ervaren,Geen verleiding ervaren,Toegegeven aan verleiding,Toegegeven aan verleiding,Geen verleiding ervaren,Geen verleiding ervaren,Geen verleiding ervaren,23:00
